Workbook

Sheet 원 면적 계산기
B2: 원 면적 계산기 | F2: 단위 변환 결과
B4: 입력 | F4: 단위 | G4: 반지름 | H4: 면적
B5: 반지름 (r) | C5: 1440 | D5: mm | F5: mm | G5: =(C5*VLOOKUP(D5,_units!$A$1:$B$6,2,0))/VLOOKUP("mm",_units!$A$1:$B$6,2,0) -> 1440 | H5: =PI()*(C5*VLOOKUP(D5,_units!$A$1:$B$6,2,0))^2/VLOOKUP("mm",_units!$A$1:$B$6,2,0)^2 -> 6514406.5 | M5: =C5/25.4 -> 56.692913
B6: 입력 단위 | F6: cm | G6: =(C5*VLOOKUP(D5,_units!$A$1:$B$6,2,0))/VLOOKUP("cm",_units!$A$1:$B$6,2,0) -> 144 | H6: =PI()*(C5*VLOOKUP(D5,_units!$A$1:$B$6,2,0))^2/VLOOKUP("cm",_units!$A$1:$B$6,2,0)^2 -> 65144.065
F7: m | G7: =(C5*VLOOKUP(D5,_units!$A$1:$B$6,2,0))/VLOOKUP("m",_units!$A$1:$B$6,2,0) -> 1.44 | H7: =PI()*(C5*VLOOKUP(D5,_units!$A$1:$B$6,2,0))^2/VLOOKUP("m",_units!$A$1:$B$6,2,0)^2 -> 6.5144065
B8: 출력 단위 | C8: m | F8: km | G8: =(C5*VLOOKUP(D5,_units!$A$1:$B$6,2,0))/VLOOKUP("km",_units!$A$1:$B$6,2,0) -> 0.00144 | H8: =PI()*(C5*VLOOKUP(D5,_units!$A$1:$B$6,2,0))^2/VLOOKUP("km",_units!$A$1:$B$6,2,0)^2 -> 6.5144065e-06
F9: inch | G9: =(C5*VLOOKUP(D5,_units!$A$1:$B$6,2,0))/VLOOKUP("inch",_units!$A$1:$B$6,2,0) -> 56.692913 | H9: =PI()*(C5*VLOOKUP(D5,_units!$A$1:$B$6,2,0))^2/VLOOKUP("inch",_units!$A$1:$B$6,2,0)^2 -> 10097.35
B10: 계산 결과 | F10: ft | G10: =(C5*VLOOKUP(D5,_units!$A$1:$B$6,2,0))/VLOOKUP("ft",_units!$A$1:$B$6,2,0) -> 4.7244094 | H10: =PI()*(C5*VLOOKUP(D5,_units!$A$1:$B$6,2,0))^2/VLOOKUP("ft",_units!$A$1:$B$6,2,0)^2 -> 70.120488
B11: 반지름 | C11: =(C5*VLOOKUP(D5,_units!$A$1:$B$6,2,0))/VLOOKUP(C8,_units!$A$1:$B$6,2,0) -> 1.44 | D11: =C8 -> m | N11: 0.21237166
B12: 면적 (πr²) | C12: =PI()*(C5*VLOOKUP(D5,_units!$A$1:$B$6,2,0))^2/VLOOKUP(C8,_units!$A$1:$B$6,2,0)^2 -> 6.5144065 | D12: =C8&2 -> m2 | F12: ※ 왼쪽 입력값과 입력 단위를 기준으로 자동 변환
B13: 둘레 (2πr) | C13: =2*PI()*(C5*VLOOKUP(D5,_units!$A$1:$B$6,2,0))/VLOOKUP(C8,_units!$A$1:$B$6,2,0) -> 9.0477868 | D13: =C8 -> m
B14: 지름 (2r) | C14: =2*(C5*VLOOKUP(D5,_units!$A$1:$B$6,2,0))/VLOOKUP(C8,_units!$A$1:$B$6,2,0) -> 2.88 | D14: =C8 -> m

Sheet _units
A1: mm | B1: 0.001
A2: cm | B2: 0.01
A3: m | B3: 1
A4: km | B4: 1000
A5: inch | B5: 0.0254
A6: ft | B6: 0.3048
